modelo,MSE,MAE,R2
LinearRegression,285.98896951349076,13.002051521497526,0.4052338426722425
DecisionTree,0.0,0.0,1.0
RandomForest,0.4096193644670829,0.43827836990595515,0.9991481219160809
